{
  "id": "beginner_flexibility",
  "name": {
    "en": "Beginner Flexibility Sequence",
    "zh": "初学者柔韧性序列"
  },
  "difficulty": 1,
  "duration": 600,
  "description": {
    "en": "A gentle sequence designed for yoga beginners to improve overall flexibility and body awareness. Perfect for those who are new to yoga or have limited mobility.",
    "zh": "这个温和的序列专为瑜伽初学者设计，旨在提高整体柔韧性和身体意识。适合瑜伽新手或活动能力有限的人群。"
  },
  "poses": [
    {
      "id": "mountain_pose",
      "duration": 60,
      "breathCount": 5,
      "audioGuide": "pose_1_mountain_tadasa.mp3",
      "instructions": {
        "en": "Stand with your feet together, weight evenly distributed. Feel rooted to the ground.",
        "zh": "双脚并拢，均匀受力。感受与地面的连接。"
      },
      "transitionHint": {
        "en": "Begin in a stable standing position to center yourself and prepare for practice.",
        "zh": "从稳定的站姿开始，让自己回到中心，为练习做准备。"
      }
    },
    {
      "id": "cat_cow",
      "duration": 90,
      "breathCount": 8,
      "audioGuide": "pose_152_猫牛式_marja.mp3",
      "instructions": {
        "en": "On hands and knees, alternate between arching and rounding your spine with the breath.",
        "zh": "四肢支撑，随着呼吸在拱背和塌腰之间交替。"
      },
      "transitionHint": {
        "en": "Come down to your hands and knees, placing your wrists under shoulders and knees under hips.",
        "zh": "放下身体，四肢着地，手腕在肩膀下方，膝盖在髋部下方。"
      }
    },
    {
      "id": "child_pose",
      "duration": 60,
      "breathCount": 5,
      "audioGuide": "pose_31_婴儿式_balas.mp3",
      "instructions": {
        "en": "Sit back on your heels, extend arms forward, rest forehead on mat.",
        "zh": "坐回脚跟，手臂前伸，额头贴地。"
      },
      "transitionHint": {
        "en": "From Cat-Cow, sit your hips back toward your heels while keeping arms extended.",
        "zh": "从猫牛式，将臀部坐向脚跟，保持手臂伸展。"
      }
    },
    {
      "id": "downward_dog",
      "duration": 60,
      "breathCount": 5,
      "audioGuide": "pose_22_下犬式_adho_.mp3",
      "instructions": {
        "en": "Form an inverted V-shape with your body, pressing firmly through hands and feet.",
        "zh": "身体形成倒V形，手脚用力按压地面。"
      },
      "transitionHint": {
        "en": "From Child's Pose, lift your hips up and back, straightening your arms and pressing your heels toward the floor.",
        "zh": "从儿童式，抬起髋部向上和向后，伸直手臂，脚跟压向地面。"
      }
    },
    {
      "id": "seated_forward_bend",
      "duration": 60,
      "breathCount": 5,
      "audioGuide": "pose_80_坐姿前屈伸展式_p.mp3",
      "instructions": {
        "en": "Sit with legs extended, fold forward from the hips, reaching toward your feet.",
        "zh": "坐姿，双腿伸直，从髋部前折，手臂伸向脚部。"
      },
      "transitionHint": {
        "en": "Come to a seated position, extend both legs out in front of you, and sit tall before folding.",
        "zh": "来到坐姿，双腿向前伸直，挺直坐好后再前折。"
      }
    },
    {
      "id": "butterfly_pose",
      "duration": 60,
      "breathCount": 5,
      "audioGuide": "pose_bound_angle.mp3",
      "instructions": {
        "en": "Sit with soles of feet together, knees out to sides, gently press knees toward floor.",
        "zh": "坐姿，脚掌相对，膝盖向两侧打开，轻轻将膝盖压向地面。"
      },
      "transitionHint": {
        "en": "From Seated Forward Bend, bend your knees and bring the soles of your feet together.",
        "zh": "从坐姿前屈，弯曲膝盖，将脚掌相对放在一起。"
      }
    },
    {
      "id": "supine_spinal_twist",
      "duration": 60,
      "breathCount": 5,
      "audioGuide": "pose_315_仰卧扭转式_sup.mp3",
      "instructions": {
        "en": "Lie on your back, drop knees to one side while keeping shoulders grounded.",
        "zh": "仰卧，将膝盖放到一侧，保持肩膀接触地面。"
      },
      "transitionHint": {
        "en": "Lie on your back, hug your knees to your chest before extending arms out and dropping knees to one side.",
        "zh": "仰卧，将膝盖抱向胸部，然后伸展手臂，将膝盖放到一侧。"
      }
    },
    {
      "id": "corpse_pose",
      "duration": 90,
      "breathCount": 8,
      "audioGuide": "pose_470_挺尸式_savas.mp3",
      "instructions": {
        "en": "Lie flat on your back, arms at sides, palms up, and completely relax.",
        "zh": "平躺，手臂放在身体两侧，掌心向上，完全放松。"
      },
      "transitionHint": {
        "en": "Gently roll onto your back, extend your legs, and allow your entire body to relax into the floor.",
        "zh": "轻轻滚到仰卧位置，伸直双腿，让整个身体放松到地面上。"
      }
    }
  ],
  "audioGuide": {
    "introduction": "audio/yoga-sessions/beginner/intro.mp3",
    "backgroundMusic": "audio/background/gentle.mp3"
  },
  "benefits": [
    {
      "en": "Increases overall flexibility and joint mobility",
      "zh": "增加整体柔韧性和关节活动度"
    },
    {
      "en": "Reduces muscle tension and promotes relaxation",
      "zh": "减少肌肉紧张并促进放松"
    },
    {
      "en": "Improves body awareness and mind-body connection",
      "zh": "提高身体意识和身心连接"
    }
  ]
}